tweet,sentiment
This app makes my life so much easier love it!,positive
Weather is neither too hot nor too cold today.,neutral
Customer support was helpful enough to solve the issue.,neutral
Got a perfect score on my exam so happy!,positive
Got my results today they were what I expected.,neutral
Service was painfully slow and staff were rude!,negative
Terrible customer service waited 3 hours with no help!,negative
This app keeps crashing and losing all my data!,negative
Wonderful experience at the restaurant!,positive
So angry about the unfair treatment I received!,negative
Such a productive day got everything done!,positive
Event had good and bad moments overall balanced.,neutral
So frustrated with the constant delays on my flight!,negative
Event had good and bad moments overall balanced.,neutral
Just finished my workout feeling incredible!,positive
Wonderful experience at the restaurant!,positive
Restaurant was okay prices are reasonable.,neutral
The new features are awesome really enjoying it!,positive
The service was okay nothing special about it.,neutral
Absolutely horrible experience I want a full refund!,negative
Food delivery was fast and delicious today!,positive
Loving every moment of this holiday pure bliss!,positive
Just adopted a puppy she is the cutest thing ever!,positive
Hours on hold with support and still no solution!,negative
Product does what it claims nothing more nothing less.,neutral
Had the best vacation truly unforgettable!,positive
Such a productive day got everything done!,positive
Just had lunch at the new place it was alright.,neutral
This movie was absolutely fantastic!,positive
Had a meeting this morning it went as expected.,neutral
Weekend was quiet just relaxed at home.,neutral
"Amazing support team, very helpful!",positive
Movie was a complete waste of my time and money!,negative
This is the worst product I have ever bought!,negative
Loving every moment of this holiday pure bliss!,positive
Got a perfect score on my exam so happy!,positive
Conference was informative covered expected topics.,neutral
So proud of my daughter for graduating today!,positive
Wonderful experience at the restaurant!,positive
So happy to see my family after a long time!,positive
Subscription charged twice and no one is helping!,negative
So happy to see my family after a long time!,positive
Finished the report on time met all requirements.,neutral
Got my results today they were what I expected.,neutral
So disappointed with the service they let me down again!,negative
Absolutely horrible experience I want a full refund!,negative
Absolutely delighted with the results exceeded expectations!,positive
Absolutely disgusted with the quality of food here!,negative
Incredible concert last night the energy was electric!,positive
Movie was a complete waste of my time and money!,negative
So proud of my daughter for graduating today!,positive
Absolutely horrible experience I want a full refund!,negative
Had annual checkup everything within normal range.,neutral
Worst experience with delivery today package lost!,negative
Commute today was typical about thirty minutes.,neutral
Such a productive day got everything done!,positive
This app makes my life so much easier love it!,positive
Restaurant was okay prices are reasonable.,neutral
Worst experience with delivery today package lost!,negative
Traffic is unbearable been stuck for two hours!,negative
"Loving the new update, it works really well now!",positive
New update has some changes still getting used to it.,neutral
Traffic is unbearable been stuck for two hours!,negative
So proud of my daughter for graduating today!,positive
Cannot believe how rude the staff was today!,negative
Had annual checkup everything within normal range.,neutral
Day was pretty uneventful just the usual routine.,neutral
"Just got promoted at work, so excited!",positive
Finished reading an amazing book highly recommended!,positive
Event had good and bad moments overall balanced.,neutral
Service was painfully slow and staff were rude!,negative
Got a perfect score on my exam so happy!,positive
Hours on hold with support and still no solution!,negative
Just had lunch at the new place it was alright.,neutral
Worst experience ever never coming back!,negative
"Great customer service, went above and beyond!",positive
So grateful for all the kind messages from friends!,positive
Subscription charged twice and no one is helping!,negative
This update ruined everything that was working before!,negative
Completely let down by the airline missed my connection!,negative
The service was okay nothing special about it.,neutral
Customer support was helpful enough to solve the issue.,neutral
So grateful for all the kind messages from friends!,positive
Had the best vacation truly unforgettable!,positive
So disappointed with the service they let me down again!,negative
Traffic was normal today nothing unusual.,neutral
Day was pretty uneventful just the usual routine.,neutral
Having an amazing day feeling blessed!,positive
My team won the championship best day ever!,positive
Presentation went fine audience seemed moderately interested.,neutral
Absolutely horrible experience I want a full refund!,negative
The service was okay nothing special about it.,neutral
Event had good and bad moments overall balanced.,neutral
Got a perfect score on my exam so happy!,positive
Such a productive day got everything done!,positive
So disappointed with the service they let me down again!,negative
My order arrived damaged and support is ignoring me!,negative
Watched the game last night it was average.,neutral
Worst experience ever never coming back!,negative
Just had lunch at the new place it was alright.,neutral
Wonderful experience at the restaurant!,positive
Just had lunch at the new place it was alright.,neutral
"This coffee is delicious, made my morning better!",positive
So happy to see my family after a long time!,positive
Incredible concert last night the energy was electric!,positive
Restaurant was overpriced and food was cold!,negative
Having an amazing day feeling blessed!,positive
My order arrived damaged and support is ignoring me!,negative
My order arrived damaged and support is ignoring me!,negative
Cannot believe how rude the staff was today!,negative
New update has some changes still getting used to it.,neutral
"Just got promoted at work, so excited!",positive
Day was pretty uneventful just the usual routine.,neutral
Hotel room was dirty and nothing like the pictures!,negative
Hours on hold with support and still no solution!,negative
Subscription charged twice and no one is helping!,negative
Finished the report on time met all requirements.,neutral
Package arrived today exactly as described.,neutral
Failed my exam despite studying hard I am devastated!,negative
Product does what it claims nothing more nothing less.,neutral
Had the best vacation truly unforgettable!,positive
Day was pretty uneventful just the usual routine.,neutral
Having an amazing day feeling blessed!,positive
"Loving the new update, it works really well now!",positive
Cannot believe how rude the staff was today!,negative
Watched the game last night it was average.,neutral
Failed my exam despite studying hard I am devastated!,negative
Really upset about how the situation was handled!,negative
Got my results today they were what I expected.,neutral
New update has some changes still getting used to it.,neutral
Had a meeting this morning it went as expected.,neutral
I love this product so much! Best purchase ever!,positive
Product does what it claims nothing more nothing less.,neutral
The new features are awesome really enjoying it!,positive
This update ruined everything that was working before!,negative
Tried the new coffee shop it was decent enough.,neutral
Package arrived today exactly as described.,neutral
Terrible customer service waited 3 hours with no help!,negative
Got my results today they were what I expected.,neutral
Watched the game last night it was average.,neutral
The service was okay nothing special about it.,neutral
Worst experience ever never coming back!,negative
Absolutely disgusted with the quality of food here!,negative
Really upset about how the situation was handled!,negative
Restaurant was overpriced and food was cold!,negative
Just had lunch at the new place it was alright.,neutral
"This coffee is delicious, made my morning better!",positive
Worst experience ever never coming back!,negative
Weather is neither too hot nor too cold today.,neutral
Movie was a complete waste of my time and money!,negative
Loving every moment of this holiday pure bliss!,positive
Customer support was helpful enough to solve the issue.,neutral
Weather is neither too hot nor too cold today.,neutral
Absolutely delighted with the results exceeded expectations!,positive
Service was painfully slow and staff were rude!,negative
Product broke after one day complete waste of money!,negative
Just finished my workout feeling incredible!,positive
Just had lunch at the new place it was alright.,neutral
Product does what it claims nothing more nothing less.,neutral
New update has some changes still getting used to it.,neutral
The service was okay nothing special about it.,neutral
So frustrated with the constant delays on my flight!,negative
The service was okay nothing special about it.,neutral
Completely let down by the airline missed my connection!,negative
Commute today was typical about thirty minutes.,neutral
My team won the championship best day ever!,positive
This app makes my life so much easier love it!,positive
Restaurant was okay prices are reasonable.,neutral
This is the worst product I have ever bought!,negative
Completely let down by the airline missed my connection!,negative
The new features are awesome really enjoying it!,positive
"This coffee is delicious, made my morning better!",positive
Wonderful experience at the restaurant!,positive
"Just got promoted at work, so excited!",positive
Really upset about how the situation was handled!,negative
Got my results today they were what I expected.,neutral
"Loving the new update, it works really well now!",positive
"Just got promoted at work, so excited!",positive
Absolutely disgusted with the quality of food here!,negative
Package arrived today exactly as described.,neutral
This app makes my life so much easier love it!,positive
Movie had some interesting parts but also slow ones.,neutral
Cannot believe how rude the staff was today!,negative
I love this product so much! Best purchase ever!,positive
My laptop crashed and I lost all important files!,negative
Weather is neither too hot nor too cold today.,neutral
The new features are awesome really enjoying it!,positive
Absolutely delighted with the results exceeded expectations!,positive
Got my results today they were what I expected.,neutral
Absolutely disgusted with the quality of food here!,negative
Wonderful experience at the restaurant!,positive
My laptop crashed and I lost all important files!,negative
This app keeps crashing and losing all my data!,negative
Service was painfully slow and staff were rude!,negative
Traffic was normal today nothing unusual.,neutral
Conference was informative covered expected topics.,neutral
So disappointed with the service they let me down again!,negative
"Amazing support team, very helpful!",positive
My laptop crashed and I lost all important files!,negative
Flight was on time service was standard.,neutral
Presentation went fine audience seemed moderately interested.,neutral
Just had lunch at the new place it was alright.,neutral
Got a perfect score on my exam so happy!,positive
Failed my exam despite studying hard I am devastated!,negative
Hours on hold with support and still no solution!,negative
Conference was informative covered expected topics.,neutral
This app makes my life so much easier love it!,positive
Loving every moment of this holiday pure bliss!,positive
Terrible customer service waited 3 hours with no help!,negative
This app keeps crashing and losing all my data!,negative
"Just got promoted at work, so excited!",positive
Tried the new coffee shop it was decent enough.,neutral
Flight was on time service was standard.,neutral
Such a productive day got everything done!,positive
My team won the championship best day ever!,positive
Food delivery was fast and delicious today!,positive
Having an amazing day feeling blessed!,positive
Package arrived today exactly as described.,neutral
My team won the championship best day ever!,positive
"Just got promoted at work, so excited!",positive
Traffic is unbearable been stuck for two hours!,negative
My laptop crashed and I lost all important files!,negative
This is the worst product I have ever bought!,negative
I love this product so much! Best purchase ever!,positive
Just finished my workout feeling incredible!,positive
Such a productive day got everything done!,positive
Had annual checkup everything within normal range.,neutral
Weather is neither too hot nor too cold today.,neutral
Failed my exam despite studying hard I am devastated!,negative
Hours on hold with support and still no solution!,negative
Software update fixed some bugs but introduced others.,neutral
This movie was absolutely fantastic!,positive
Traffic was normal today nothing unusual.,neutral
"Loving the new update, it works really well now!",positive
Software update fixed some bugs but introduced others.,neutral
Completely let down by the airline missed my connection!,negative
Restaurant was overpriced and food was cold!,negative
Subscription charged twice and no one is helping!,negative
So happy to see my family after a long time!,positive
So frustrated with the constant delays on my flight!,negative
Event had good and bad moments overall balanced.,neutral
"Great customer service, went above and beyond!",positive
"Loving the new update, it works really well now!",positive
This app makes my life so much easier love it!,positive
Movie was a complete waste of my time and money!,negative
Restaurant was okay prices are reasonable.,neutral
My team won the championship best day ever!,positive
Day was pretty uneventful just the usual routine.,neutral
Tried the new coffee shop it was decent enough.,neutral
Subscription charged twice and no one is helping!,negative
Restaurant was okay prices are reasonable.,neutral
"This coffee is delicious, made my morning better!",positive
Terrible customer service waited 3 hours with no help!,negative
Service was painfully slow and staff were rude!,negative
So proud of my daughter for graduating today!,positive
My order arrived damaged and support is ignoring me!,negative
This movie was absolutely fantastic!,positive
"Great customer service, went above and beyond!",positive
Finished the report on time met all requirements.,neutral
Traffic was normal today nothing unusual.,neutral
Worst experience with delivery today package lost!,negative
This is the worst product I have ever bought!,negative
So proud of my daughter for graduating today!,positive
Finished reading an amazing book highly recommended!,positive
Got my results today they were what I expected.,neutral
Absolutely delighted with the results exceeded expectations!,positive
Product does what it claims nothing more nothing less.,neutral
Traffic is unbearable been stuck for two hours!,negative
Food delivery was fast and delicious today!,positive
Traffic was normal today nothing unusual.,neutral
"This coffee is delicious, made my morning better!",positive
My laptop crashed and I lost all important files!,negative
I love this product so much! Best purchase ever!,positive
Tried the new coffee shop it was decent enough.,neutral
Just had lunch at the new place it was alright.,neutral
Tried the new coffee shop it was decent enough.,neutral
Presentation went fine audience seemed moderately interested.,neutral
This update ruined everything that was working before!,negative
Read the new book it was an average read.,neutral
Customer support was helpful enough to solve the issue.,neutral
Watched the game last night it was average.,neutral
Subscription charged twice and no one is helping!,negative
This update ruined everything that was working before!,negative
Product broke after one day complete waste of money!,negative
So grateful for all the kind messages from friends!,positive
The new features are awesome really enjoying it!,positive
Customer support was helpful enough to solve the issue.,neutral
Customer support was helpful enough to solve the issue.,neutral
Just finished my workout feeling incredible!,positive
Watched the game last night it was average.,neutral
Day was pretty uneventful just the usual routine.,neutral
Failed my exam despite studying hard I am devastated!,negative
Software update fixed some bugs but introduced others.,neutral
So grateful for all the kind messages from friends!,positive
So angry about the unfair treatment I received!,negative
"Amazing support team, very helpful!",positive
I love this product so much! Best purchase ever!,positive
This app keeps crashing and losing all my data!,negative
New update has some changes still getting used to it.,neutral
Weekend was quiet just relaxed at home.,neutral
Tried the new coffee shop it was decent enough.,neutral
Absolutely horrible experience I want a full refund!,negative
Product broke after one day complete waste of money!,negative
Weekend was quiet just relaxed at home.,neutral
Finished reading an amazing book highly recommended!,positive
"Amazing support team, very helpful!",positive
Conference was informative covered expected topics.,neutral
Read the new book it was an average read.,neutral
Event had good and bad moments overall balanced.,neutral
So disappointed with the service they let me down again!,negative
Really upset about how the situation was handled!,negative
The service was okay nothing special about it.,neutral
Loving every moment of this holiday pure bliss!,positive
I love this product so much! Best purchase ever!,positive
So frustrated with the constant delays on my flight!,negative
Terrible customer service waited 3 hours with no help!,negative
So angry about the unfair treatment I received!,negative
Movie had some interesting parts but also slow ones.,neutral
Completely let down by the airline missed my connection!,negative
Really upset about how the situation was handled!,negative
Food delivery was fast and delicious today!,positive
So happy to see my family after a long time!,positive
My laptop crashed and I lost all important files!,negative
Had annual checkup everything within normal range.,neutral
Restaurant was overpriced and food was cold!,negative
Wonderful experience at the restaurant!,positive
Flight was on time service was standard.,neutral
My team won the championship best day ever!,positive
Software update fixed some bugs but introduced others.,neutral
Cannot believe how rude the staff was today!,negative
Event had good and bad moments overall balanced.,neutral
Had annual checkup everything within normal range.,neutral
Had the best vacation truly unforgettable!,positive
Wonderful experience at the restaurant!,positive
Software update fixed some bugs but introduced others.,neutral
Software update fixed some bugs but introduced others.,neutral
So proud of my daughter for graduating today!,positive
Just adopted a puppy she is the cutest thing ever!,positive
So happy to see my family after a long time!,positive
Read the new book it was an average read.,neutral
Had a meeting this morning it went as expected.,neutral
Tried the new coffee shop it was decent enough.,neutral
"Great customer service, went above and beyond!",positive
"Amazing support team, very helpful!",positive
Incredible concert last night the energy was electric!,positive
Product does what it claims nothing more nothing less.,neutral
Got my results today they were what I expected.,neutral
Movie had some interesting parts but also slow ones.,neutral
Presentation went fine audience seemed moderately interested.,neutral
Had the best vacation truly unforgettable!,positive
Traffic is unbearable been stuck for two hours!,negative
Terrible customer service waited 3 hours with no help!,negative
Movie had some interesting parts but also slow ones.,neutral
Having an amazing day feeling blessed!,positive
Package arrived today exactly as described.,neutral
Really upset about how the situation was handled!,negative
Product broke after one day complete waste of money!,negative
The new features are awesome really enjoying it!,positive
This is the worst product I have ever bought!,negative
Absolutely disgusted with the quality of food here!,negative
This movie was absolutely fantastic!,positive
Restaurant was okay prices are reasonable.,neutral
Traffic is unbearable been stuck for two hours!,negative
Customer support was helpful enough to solve the issue.,neutral
Flight was on time service was standard.,neutral
Terrible customer service waited 3 hours with no help!,negative
So angry about the unfair treatment I received!,negative
Got my results today they were what I expected.,neutral
Worst experience ever never coming back!,negative
So grateful for all the kind messages from friends!,positive
"Amazing support team, very helpful!",positive
Restaurant was overpriced and food was cold!,negative
Customer support was helpful enough to solve the issue.,neutral
Watched the game last night it was average.,neutral
The service was okay nothing special about it.,neutral
This is the worst product I have ever bought!,negative
Cannot believe how rude the staff was today!,negative
So grateful for all the kind messages from friends!,positive
My order arrived damaged and support is ignoring me!,negative
Package arrived today exactly as described.,neutral
Had a meeting this morning it went as expected.,neutral
Such a productive day got everything done!,positive
Had annual checkup everything within normal range.,neutral
Really upset about how the situation was handled!,negative
Such a productive day got everything done!,positive
Movie was a complete waste of my time and money!,negative
My team won the championship best day ever!,positive
Had a meeting this morning it went as expected.,neutral
My team won the championship best day ever!,positive
Got my results today they were what I expected.,neutral
Terrible customer service waited 3 hours with no help!,negative
Package arrived today exactly as described.,neutral
So angry about the unfair treatment I received!,negative
Had a meeting this morning it went as expected.,neutral
Watched the game last night it was average.,neutral
So grateful for all the kind messages from friends!,positive
Software update fixed some bugs but introduced others.,neutral
Conference was informative covered expected topics.,neutral
Movie had some interesting parts but also slow ones.,neutral
Just adopted a puppy she is the cutest thing ever!,positive
Had the best vacation truly unforgettable!,positive
Just finished my workout feeling incredible!,positive
So frustrated with the constant delays on my flight!,negative
So disappointed with the service they let me down again!,negative
Just finished my workout feeling incredible!,positive
Hours on hold with support and still no solution!,negative
So frustrated with the constant delays on my flight!,negative
Really upset about how the situation was handled!,negative
Movie was a complete waste of my time and money!,negative
Finished reading an amazing book highly recommended!,positive
Hours on hold with support and still no solution!,negative
This app makes my life so much easier love it!,positive
Conference was informative covered expected topics.,neutral
New update has some changes still getting used to it.,neutral
Loving every moment of this holiday pure bliss!,positive
So disappointed with the service they let me down again!,negative
The service was okay nothing special about it.,neutral
This app keeps crashing and losing all my data!,negative
This is the worst product I have ever bought!,negative
Food delivery was fast and delicious today!,positive
Product broke after one day complete waste of money!,negative
Hours on hold with support and still no solution!,negative
Product broke after one day complete waste of money!,negative
Day was pretty uneventful just the usual routine.,neutral
Restaurant was overpriced and food was cold!,negative
This app makes my life so much easier love it!,positive
My laptop crashed and I lost all important files!,negative
Traffic is unbearable been stuck for two hours!,negative
Traffic is unbearable been stuck for two hours!,negative
Completely let down by the airline missed my connection!,negative
Worst experience ever never coming back!,negative
Flight was on time service was standard.,neutral
So frustrated with the constant delays on my flight!,negative
Commute today was typical about thirty minutes.,neutral
Product does what it claims nothing more nothing less.,neutral
Service was painfully slow and staff were rude!,negative
So happy to see my family after a long time!,positive
Having an amazing day feeling blessed!,positive
Failed my exam despite studying hard I am devastated!,negative
Commute today was typical about thirty minutes.,neutral
Day was pretty uneventful just the usual routine.,neutral
This app keeps crashing and losing all my data!,negative
New update has some changes still getting used to it.,neutral
"Just got promoted at work, so excited!",positive
So proud of my daughter for graduating today!,positive
So grateful for all the kind messages from friends!,positive
Product does what it claims nothing more nothing less.,neutral
Incredible concert last night the energy was electric!,positive
So angry about the unfair treatment I received!,negative
Absolutely disgusted with the quality of food here!,negative
Absolutely disgusted with the quality of food here!,negative
Weekend was quiet just relaxed at home.,neutral
Hotel room was dirty and nothing like the pictures!,negative
"Great customer service, went above and beyond!",positive
Just finished my workout feeling incredible!,positive
This app makes my life so much easier love it!,positive
Presentation went fine audience seemed moderately interested.,neutral
Software update fixed some bugs but introduced others.,neutral
Had the best vacation truly unforgettable!,positive
Product does what it claims nothing more nothing less.,neutral
So happy to see my family after a long time!,positive
My order arrived damaged and support is ignoring me!,negative
Completely let down by the airline missed my connection!,negative
This is the worst product I have ever bought!,negative
The new features are awesome really enjoying it!,positive
Absolutely horrible experience I want a full refund!,negative
Worst experience with delivery today package lost!,negative
This update ruined everything that was working before!,negative
Such a productive day got everything done!,positive
Finished reading an amazing book highly recommended!,positive
Traffic was normal today nothing unusual.,neutral
Worst experience with delivery today package lost!,negative
My team won the championship best day ever!,positive
Movie was a complete waste of my time and money!,negative
"Amazing support team, very helpful!",positive
Had a meeting this morning it went as expected.,neutral
Finished the report on time met all requirements.,neutral
Product broke after one day complete waste of money!,negative
Restaurant was okay prices are reasonable.,neutral
Hotel room was dirty and nothing like the pictures!,negative
Finished the report on time met all requirements.,neutral
Traffic is unbearable been stuck for two hours!,negative
Weather is neither too hot nor too cold today.,neutral
Absolutely delighted with the results exceeded expectations!,positive
New update has some changes still getting used to it.,neutral
Having an amazing day feeling blessed!,positive
Conference was informative covered expected topics.,neutral
Watched the game last night it was average.,neutral
"Just got promoted at work, so excited!",positive
This update ruined everything that was working before!,negative
My laptop crashed and I lost all important files!,negative
So disappointed with the service they let me down again!,negative
"Great customer service, went above and beyond!",positive
Read the new book it was an average read.,neutral
"Loving the new update, it works really well now!",positive
Product does what it claims nothing more nothing less.,neutral
Tried the new coffee shop it was decent enough.,neutral
Having an amazing day feeling blessed!,positive
Read the new book it was an average read.,neutral
Restaurant was overpriced and food was cold!,negative
Finished reading an amazing book highly recommended!,positive
Terrible customer service waited 3 hours with no help!,negative
Presentation went fine audience seemed moderately interested.,neutral
Weekend was quiet just relaxed at home.,neutral
Having an amazing day feeling blessed!,positive
Having an amazing day feeling blessed!,positive
Such a productive day got everything done!,positive
So happy to see my family after a long time!,positive
Absolutely horrible experience I want a full refund!,negative
This movie was absolutely fantastic!,positive
Got a perfect score on my exam so happy!,positive
This app keeps crashing and losing all my data!,negative
Weather is neither too hot nor too cold today.,neutral
Read the new book it was an average read.,neutral
Worst experience ever never coming back!,negative
Event had good and bad moments overall balanced.,neutral
Movie had some interesting parts but also slow ones.,neutral
Just had lunch at the new place it was alright.,neutral
Traffic was normal today nothing unusual.,neutral
Restaurant was okay prices are reasonable.,neutral
Watched the game last night it was average.,neutral
Cannot believe how rude the staff was today!,negative
Absolutely disgusted with the quality of food here!,negative
Restaurant was overpriced and food was cold!,negative
Just adopted a puppy she is the cutest thing ever!,positive
Read the new book it was an average read.,neutral
My order arrived damaged and support is ignoring me!,negative
"Loving the new update, it works really well now!",positive
Just finished my workout feeling incredible!,positive
"This coffee is delicious, made my morning better!",positive
Got a perfect score on my exam so happy!,positive
Hotel room was dirty and nothing like the pictures!,negative
Presentation went fine audience seemed moderately interested.,neutral
This movie was absolutely fantastic!,positive
Service was painfully slow and staff were rude!,negative
Product does what it claims nothing more nothing less.,neutral
Tried the new coffee shop it was decent enough.,neutral
Finished the report on time met all requirements.,neutral
The new features are awesome really enjoying it!,positive
Customer support was helpful enough to solve the issue.,neutral
Commute today was typical about thirty minutes.,neutral
I love this product so much! Best purchase ever!,positive
Worst experience ever never coming back!,negative
Finished reading an amazing book highly recommended!,positive
"This coffee is delicious, made my morning better!",positive
Event had good and bad moments overall balanced.,neutral
My order arrived damaged and support is ignoring me!,negative
Absolutely delighted with the results exceeded expectations!,positive
"Amazing support team, very helpful!",positive
Flight was on time service was standard.,neutral
Such a productive day got everything done!,positive
This is the worst product I have ever bought!,negative
Just adopted a puppy she is the cutest thing ever!,positive
Weather is neither too hot nor too cold today.,neutral
Flight was on time service was standard.,neutral
Failed my exam despite studying hard I am devastated!,negative
This update ruined everything that was working before!,negative
My team won the championship best day ever!,positive
Subscription charged twice and no one is helping!,negative
Just finished my workout feeling incredible!,positive
So angry about the unfair treatment I received!,negative
So proud of my daughter for graduating today!,positive
Really upset about how the situation was handled!,negative
My laptop crashed and I lost all important files!,negative
Incredible concert last night the energy was electric!,positive
Weather is neither too hot nor too cold today.,neutral
Incredible concert last night the energy was electric!,positive
So angry about the unfair treatment I received!,negative
"Amazing support team, very helpful!",positive
Had annual checkup everything within normal range.,neutral
Just had lunch at the new place it was alright.,neutral
Absolutely horrible experience I want a full refund!,negative
My order arrived damaged and support is ignoring me!,negative
Got my results today they were what I expected.,neutral
My laptop crashed and I lost all important files!,negative
"Loving the new update, it works really well now!",positive
Movie had some interesting parts but also slow ones.,neutral
Food delivery was fast and delicious today!,positive
This app keeps crashing and losing all my data!,negative
Cannot believe how rude the staff was today!,negative
Flight was on time service was standard.,neutral
Software update fixed some bugs but introduced others.,neutral
This movie was absolutely fantastic!,positive
Just adopted a puppy she is the cutest thing ever!,positive
Just finished my workout feeling incredible!,positive
Service was painfully slow and staff were rude!,negative
Subscription charged twice and no one is helping!,negative
Cannot believe how rude the staff was today!,negative
Weekend was quiet just relaxed at home.,neutral
Incredible concert last night the energy was electric!,positive
"Amazing support team, very helpful!",positive
Got a perfect score on my exam so happy!,positive
"Just got promoted at work, so excited!",positive
Completely let down by the airline missed my connection!,negative
Absolutely delighted with the results exceeded expectations!,positive
Absolutely disgusted with the quality of food here!,negative
Worst experience with delivery today package lost!,negative
Customer support was helpful enough to solve the issue.,neutral
Failed my exam despite studying hard I am devastated!,negative
Completely let down by the airline missed my connection!,negative
Movie was a complete waste of my time and money!,negative
Finished reading an amazing book highly recommended!,positive
This app makes my life so much easier love it!,positive
Package arrived today exactly as described.,neutral
Incredible concert last night the energy was electric!,positive
So frustrated with the constant delays on my flight!,negative
Just had lunch at the new place it was alright.,neutral
Terrible customer service waited 3 hours with no help!,negative
My laptop crashed and I lost all important files!,negative
This movie was absolutely fantastic!,positive
"Just got promoted at work, so excited!",positive
Cannot believe how rude the staff was today!,negative
Hotel room was dirty and nothing like the pictures!,negative
Restaurant was overpriced and food was cold!,negative
So disappointed with the service they let me down again!,negative
Had annual checkup everything within normal range.,neutral
Customer support was helpful enough to solve the issue.,neutral
Failed my exam despite studying hard I am devastated!,negative
Package arrived today exactly as described.,neutral
Hours on hold with support and still no solution!,negative
"Great customer service, went above and beyond!",positive
Product broke after one day complete waste of money!,negative
Movie was a complete waste of my time and money!,negative
Really upset about how the situation was handled!,negative
So disappointed with the service they let me down again!,negative
Read the new book it was an average read.,neutral
This app keeps crashing and losing all my data!,negative
Had a meeting this morning it went as expected.,neutral
So frustrated with the constant delays on my flight!,negative
Completely let down by the airline missed my connection!,negative
"Great customer service, went above and beyond!",positive
Read the new book it was an average read.,neutral
Presentation went fine audience seemed moderately interested.,neutral
Loving every moment of this holiday pure bliss!,positive
Food delivery was fast and delicious today!,positive
Subscription charged twice and no one is helping!,negative
This is the worst product I have ever bought!,negative
Traffic is unbearable been stuck for two hours!,negative
Loving every moment of this holiday pure bliss!,positive
Absolutely disgusted with the quality of food here!,negative
Traffic was normal today nothing unusual.,neutral
Flight was on time service was standard.,neutral
Day was pretty uneventful just the usual routine.,neutral
Movie was a complete waste of my time and money!,negative
Conference was informative covered expected topics.,neutral
So proud of my daughter for graduating today!,positive
Day was pretty uneventful just the usual routine.,neutral
Absolutely delighted with the results exceeded expectations!,positive
Having an amazing day feeling blessed!,positive
New update has some changes still getting used to it.,neutral
My laptop crashed and I lost all important files!,negative
Absolutely disgusted with the quality of food here!,negative
Conference was informative covered expected topics.,neutral
Hours on hold with support and still no solution!,negative
Day was pretty uneventful just the usual routine.,neutral
Hotel room was dirty and nothing like the pictures!,negative
Software update fixed some bugs but introduced others.,neutral
"Amazing support team, very helpful!",positive
Restaurant was overpriced and food was cold!,negative
Read the new book it was an average read.,neutral
My team won the championship best day ever!,positive
Failed my exam despite studying hard I am devastated!,negative
"Just got promoted at work, so excited!",positive
Food delivery was fast and delicious today!,positive
Hotel room was dirty and nothing like the pictures!,negative
Customer support was helpful enough to solve the issue.,neutral
So happy to see my family after a long time!,positive
So frustrated with the constant delays on my flight!,negative
Service was painfully slow and staff were rude!,negative
So grateful for all the kind messages from friends!,positive
"Great customer service, went above and beyond!",positive
Finished the report on time met all requirements.,neutral
Absolutely disgusted with the quality of food here!,negative
Really upset about how the situation was handled!,negative
Restaurant was okay prices are reasonable.,neutral
Just adopted a puppy she is the cutest thing ever!,positive
Had a meeting this morning it went as expected.,neutral
Worst experience with delivery today package lost!,negative
Product broke after one day complete waste of money!,negative
Movie had some interesting parts but also slow ones.,neutral
Food delivery was fast and delicious today!,positive
Incredible concert last night the energy was electric!,positive
Absolutely delighted with the results exceeded expectations!,positive
Just adopted a puppy she is the cutest thing ever!,positive
So disappointed with the service they let me down again!,negative
Movie was a complete waste of my time and money!,negative
I love this product so much! Best purchase ever!,positive
Package arrived today exactly as described.,neutral
Watched the game last night it was average.,neutral
Finished reading an amazing book highly recommended!,positive
Had annual checkup everything within normal range.,neutral
Really upset about how the situation was handled!,negative
So grateful for all the kind messages from friends!,positive
Wonderful experience at the restaurant!,positive
So frustrated with the constant delays on my flight!,negative
Food delivery was fast and delicious today!,positive
Flight was on time service was standard.,neutral
Finished reading an amazing book highly recommended!,positive
Had the best vacation truly unforgettable!,positive
Commute today was typical about thirty minutes.,neutral
Weather is neither too hot nor too cold today.,neutral
Just adopted a puppy she is the cutest thing ever!,positive
The service was okay nothing special about it.,neutral
My order arrived damaged and support is ignoring me!,negative
The new features are awesome really enjoying it!,positive
I love this product so much! Best purchase ever!,positive
Absolutely delighted with the results exceeded expectations!,positive
Worst experience ever never coming back!,negative
Incredible concert last night the energy was electric!,positive
"Amazing support team, very helpful!",positive
Event had good and bad moments overall balanced.,neutral
Absolutely horrible experience I want a full refund!,negative
Watched the game last night it was average.,neutral
Tried the new coffee shop it was decent enough.,neutral
Event had good and bad moments overall balanced.,neutral
So happy to see my family after a long time!,positive
So angry about the unfair treatment I received!,negative
This update ruined everything that was working before!,negative
Conference was informative covered expected topics.,neutral
Worst experience with delivery today package lost!,negative
Read the new book it was an average read.,neutral
Incredible concert last night the energy was electric!,positive
This movie was absolutely fantastic!,positive
Presentation went fine audience seemed moderately interested.,neutral
Wonderful experience at the restaurant!,positive
Had annual checkup everything within normal range.,neutral
"This coffee is delicious, made my morning better!",positive
Finished the report on time met all requirements.,neutral
Worst experience with delivery today package lost!,negative
Package arrived today exactly as described.,neutral
Movie had some interesting parts but also slow ones.,neutral
Had the best vacation truly unforgettable!,positive
Loving every moment of this holiday pure bliss!,positive
Failed my exam despite studying hard I am devastated!,negative
Absolutely horrible experience I want a full refund!,negative
Wonderful experience at the restaurant!,positive
This is the worst product I have ever bought!,negative
Worst experience with delivery today package lost!,negative
So proud of my daughter for graduating today!,positive
Product broke after one day complete waste of money!,negative
Conference was informative covered expected topics.,neutral
Incredible concert last night the energy was electric!,positive
Just adopted a puppy she is the cutest thing ever!,positive
Traffic was normal today nothing unusual.,neutral
My team won the championship best day ever!,positive
This update ruined everything that was working before!,negative
Food delivery was fast and delicious today!,positive
Hours on hold with support and still no solution!,negative
Failed my exam despite studying hard I am devastated!,negative
"Loving the new update, it works really well now!",positive
So disappointed with the service they let me down again!,negative
Service was painfully slow and staff were rude!,negative
Absolutely delighted with the results exceeded expectations!,positive
Had a meeting this morning it went as expected.,neutral
Commute today was typical about thirty minutes.,neutral
Presentation went fine audience seemed moderately interested.,neutral
So angry about the unfair treatment I received!,negative
"Loving the new update, it works really well now!",positive
This update ruined everything that was working before!,negative
Software update fixed some bugs but introduced others.,neutral
Restaurant was okay prices are reasonable.,neutral
Finished the report on time met all requirements.,neutral
Subscription charged twice and no one is helping!,negative
Terrible customer service waited 3 hours with no help!,negative
The service was okay nothing special about it.,neutral
So grateful for all the kind messages from friends!,positive
Worst experience ever never coming back!,negative
Weekend was quiet just relaxed at home.,neutral
Hotel room was dirty and nothing like the pictures!,negative
Commute today was typical about thirty minutes.,neutral
Just adopted a puppy she is the cutest thing ever!,positive
Movie had some interesting parts but also slow ones.,neutral
Cannot believe how rude the staff was today!,negative
Product does what it claims nothing more nothing less.,neutral
Commute today was typical about thirty minutes.,neutral
Weekend was quiet just relaxed at home.,neutral
Such a productive day got everything done!,positive
Day was pretty uneventful just the usual routine.,neutral
Had a meeting this morning it went as expected.,neutral
Presentation went fine audience seemed moderately interested.,neutral
Weekend was quiet just relaxed at home.,neutral
Absolutely horrible experience I want a full refund!,negative
Hours on hold with support and still no solution!,negative
Loving every moment of this holiday pure bliss!,positive
Movie had some interesting parts but also slow ones.,neutral
"This coffee is delicious, made my morning better!",positive
Tried the new coffee shop it was decent enough.,neutral
Movie was a complete waste of my time and money!,negative
Worst experience with delivery today package lost!,negative
Terrible customer service waited 3 hours with no help!,negative
Event had good and bad moments overall balanced.,neutral
Completely let down by the airline missed my connection!,negative
Product broke after one day complete waste of money!,negative
Had a meeting this morning it went as expected.,neutral
Just had lunch at the new place it was alright.,neutral
The new features are awesome really enjoying it!,positive
Loving every moment of this holiday pure bliss!,positive
This app makes my life so much easier love it!,positive
Conference was informative covered expected topics.,neutral
Commute today was typical about thirty minutes.,neutral
Food delivery was fast and delicious today!,positive
This app keeps crashing and losing all my data!,negative
Traffic was normal today nothing unusual.,neutral
Loving every moment of this holiday pure bliss!,positive
Finished the report on time met all requirements.,neutral
Restaurant was okay prices are reasonable.,neutral
Got a perfect score on my exam so happy!,positive
Hotel room was dirty and nothing like the pictures!,negative
Service was painfully slow and staff were rude!,negative
Wonderful experience at the restaurant!,positive
Got my results today they were what I expected.,neutral
Restaurant was okay prices are reasonable.,neutral
"Great customer service, went above and beyond!",positive
So proud of my daughter for graduating today!,positive
Finished the report on time met all requirements.,neutral
The service was okay nothing special about it.,neutral
Had the best vacation truly unforgettable!,positive
My order arrived damaged and support is ignoring me!,negative
Got a perfect score on my exam so happy!,positive
So frustrated with the constant delays on my flight!,negative
New update has some changes still getting used to it.,neutral
"Loving the new update, it works really well now!",positive
Commute today was typical about thirty minutes.,neutral
This is the worst product I have ever bought!,negative
Just finished my workout feeling incredible!,positive
"Just got promoted at work, so excited!",positive
Hotel room was dirty and nothing like the pictures!,negative
Commute today was typical about thirty minutes.,neutral
Hotel room was dirty and nothing like the pictures!,negative
Hotel room was dirty and nothing like the pictures!,negative
Presentation went fine audience seemed moderately interested.,neutral
Had annual checkup everything within normal range.,neutral
This update ruined everything that was working before!,negative
Restaurant was overpriced and food was cold!,negative
I love this product so much! Best purchase ever!,positive
So angry about the unfair treatment I received!,negative
So happy to see my family after a long time!,positive
So grateful for all the kind messages from friends!,positive
Weather is neither too hot nor too cold today.,neutral
Got a perfect score on my exam so happy!,positive
Finished reading an amazing book highly recommended!,positive
Software update fixed some bugs but introduced others.,neutral
Subscription charged twice and no one is helping!,negative
Having an amazing day feeling blessed!,positive
Completely let down by the airline missed my connection!,negative
Absolutely delighted with the results exceeded expectations!,positive
Weather is neither too hot nor too cold today.,neutral
Weekend was quiet just relaxed at home.,neutral
Got a perfect score on my exam so happy!,positive
Had the best vacation truly unforgettable!,positive
Just adopted a puppy she is the cutest thing ever!,positive
Traffic was normal today nothing unusual.,neutral
Subscription charged twice and no one is helping!,negative
My order arrived damaged and support is ignoring me!,negative
Had annual checkup everything within normal range.,neutral
"This coffee is delicious, made my morning better!",positive
So angry about the unfair treatment I received!,negative
Service was painfully slow and staff were rude!,negative
Flight was on time service was standard.,neutral
Traffic is unbearable been stuck for two hours!,negative
The new features are awesome really enjoying it!,positive
I love this product so much! Best purchase ever!,positive
Worst experience ever never coming back!,negative
"Loving the new update, it works really well now!",positive
This movie was absolutely fantastic!,positive
Flight was on time service was standard.,neutral
This movie was absolutely fantastic!,positive
"This coffee is delicious, made my morning better!",positive
I love this product so much! Best purchase ever!,positive
New update has some changes still getting used to it.,neutral
Read the new book it was an average read.,neutral
Restaurant was overpriced and food was cold!,negative
Traffic was normal today nothing unusual.,neutral
Movie had some interesting parts but also slow ones.,neutral
Watched the game last night it was average.,neutral
Absolutely horrible experience I want a full refund!,negative
Worst experience ever never coming back!,negative
So proud of my daughter for graduating today!,positive
Weekend was quiet just relaxed at home.,neutral
The new features are awesome really enjoying it!,positive
Finished the report on time met all requirements.,neutral
Finished reading an amazing book highly recommended!,positive
Cannot believe how rude the staff was today!,negative
Worst experience with delivery today package lost!,negative
Tried the new coffee shop it was decent enough.,neutral
"Great customer service, went above and beyond!",positive
Had the best vacation truly unforgettable!,positive
This update ruined everything that was working before!,negative
Just finished my workout feeling incredible!,positive
This app makes my life so much easier love it!,positive
Product broke after one day complete waste of money!,negative
"Great customer service, went above and beyond!",positive
Weekend was quiet just relaxed at home.,neutral
This movie was absolutely fantastic!,positive
This app keeps crashing and losing all my data!,negative
Package arrived today exactly as described.,neutral
"This coffee is delicious, made my morning better!",positive
This app keeps crashing and losing all my data!,negative
Traffic is unbearable been stuck for two hours!,negative
New update has some changes still getting used to it.,neutral
